panel_or_contrast,outcome,metric,horizon,lower,upper,valid_replicates,undefined_replicates,interpretation
clinical,multistate,brier,15,0.2526379808286827,0.34182007957265126,1000,0,conditional_fixed_models
clinical,all_cause,brier,15,0.10041380886633117,0.13872484438084012,1000,0,conditional_fixed_models
clinical,all_cause,auc,15,0.7873393990026074,0.8592174445012819,1000,0,conditional_fixed_models
clinical,all_cause,mean_bias_pp,15,-3.128059260711756,2.987969113395793,1000,0,conditional_fixed_models
clinical,ihd,brier,15,0.037451911511972975,0.062165100589733124,1000,0,conditional_fixed_models
clinical,ihd,auc,15,0.7413139300576977,0.8823229508309783,1000,0,conditional_fixed_models
clinical,ihd,mean_bias_pp,15,-1.4003625203754277,1.2271609907480276,1000,0,conditional_fixed_models
clinical,heart_failure,brier,15,0.000748171124879591,0.00669561181881768,1000,0,conditional_fixed_models
clinical,heart_failure,auc,15,0.5091568444885407,0.8697422522877866,1000,0,conditional_fixed_models
clinical,heart_failure,mean_bias_pp,15,-0.275002883684943,0.35154156404870573,1000,0,conditional_fixed_models
clinical,stroke,brier,15,0.0039522049617362765,0.015023689658521758,1000,0,conditional_fixed_models
clinical,stroke,auc,15,0.7528834646409177,0.9267337422512842,1000,0,conditional_fixed_models
clinical,stroke,mean_bias_pp,15,-0.20573661273444785,1.0676238155370288,1000,0,conditional_fixed_models
clinical,hypertension,brier,15,6.301832560822272e-05,0.0036708288792499247,1000,0,conditional_fixed_models
clinical,hypertension,auc,15,0.8137697095076991,0.9555085340368,883,117,defined_draws_only_not_nominal_95pct
clinical,hypertension,mean_bias_pp,15,0.19148201218205818,0.5756036336278129,1000,0,conditional_fixed_models
clinical,aortic_aneurysm,brier,15,4.418374983654112e-06,0.009869589458913733,1000,0,conditional_fixed_models
clinical,aortic_aneurysm,auc,15,0.7183264301742414,0.9602317607849858,877,123,defined_draws_only_not_nominal_95pct
clinical,aortic_aneurysm,mean_bias_pp,15,-0.8443699455774664,0.1516588062265515,1000,0,conditional_fixed_models
clinical,chronic_respiratory,brier,15,0.0009314591152116928,0.004584204845599448,1000,0,conditional_fixed_models
clinical,chronic_respiratory,auc,15,0.6402338716547036,0.9091089356527523,1000,0,conditional_fixed_models
clinical,chronic_respiratory,mean_bias_pp,15,0.06465637773518182,0.4586439178408859,1000,0,conditional_fixed_models
clinical,dementia,brier,15,1.6798751839762922e-06,0.005152738719308029,1000,0,conditional_fixed_models
clinical,dementia,auc,15,0.8144780396839875,0.9528672838579676,740,260,defined_draws_only_not_nominal_95pct
clinical,dementia,mean_bias_pp,15,-0.421246297766275,0.10135432651960194,1000,0,conditional_fixed_models
clinical,diabetes,brier,15,1.8098423905378344e-05,0.015906655641303995,1000,0,conditional_fixed_models
clinical,diabetes,auc,15,0.7621407732113876,0.9996882885596637,972,28,defined_draws_only_not_nominal_95pct
clinical,diabetes,mean_bias_pp,15,-1.3159642238749203,0.28398569359309506,1000,0,conditional_fixed_models
clinical,renal,brier,15,2.353203065036518e-06,0.001966826821872764,1000,0,conditional_fixed_models
clinical,renal,auc,15,0.8672277264467837,0.9703352732875228,796,204,defined_draws_only_not_nominal_95pct
clinical,renal,mean_bias_pp,15,-0.07844733889215291,0.12192718279572526,1000,0,conditional_fixed_models
clinical,chronic_liver,brier,15,6.262448539726175e-06,0.01286413117514572,1000,0,conditional_fixed_models
clinical,chronic_liver,auc,15,0.6240378509633165,0.9798624184920595,904,96,defined_draws_only_not_nominal_95pct
clinical,chronic_liver,mean_bias_pp,15,-1.1299710198593569,0.17235730738714095,1000,0,conditional_fixed_models
clinical,lung_cancer,brier,15,0.0029219615545611056,0.018598075609207176,1000,0,conditional_fixed_models
clinical,lung_cancer,auc,15,0.4443702967568898,0.7890753261634568,1000,0,conditional_fixed_models
clinical,lung_cancer,mean_bias_pp,15,-0.7567019710365374,0.907711917029107,1000,0,conditional_fixed_models
clinical,colorectal_cancer,brier,15,0.0017674002242224754,0.009279346853285686,1000,0,conditional_fixed_models
clinical,colorectal_cancer,auc,15,0.490873028015982,0.9682475438058481,999,1,defined_draws_only_not_nominal_95pct
clinical,colorectal_cancer,mean_bias_pp,15,-0.27751274240335816,0.5257456490908667,1000,0,conditional_fixed_models
clinical,pancreatic_cancer,brier,15,0.0004188579133555018,0.004808493198525968,1000,0,conditional_fixed_models
clinical,pancreatic_cancer,auc,15,0.39597668324432717,0.8991713543439249,1000,0,conditional_fixed_models
clinical,pancreatic_cancer,mean_bias_pp,15,-0.12190978812201377,0.3276513787845624,1000,0,conditional_fixed_models
clinical,breast_cancer,brier,15,3.576978835329258e-05,0.00455722319690196,1000,0,conditional_fixed_models
clinical,breast_cancer,auc,15,0.5799987219862427,0.9558000609273439,877,123,defined_draws_only_not_nominal_95pct
clinical,breast_cancer,mean_bias_pp,15,-0.10314632569019033,0.38952919478647574,1000,0,conditional_fixed_models
clinical,prostate_cancer,brier,15,0.0003132773681238114,0.0036890178602865683,1000,0,conditional_fixed_models
clinical,prostate_cancer,auc,15,0.8931503985313454,0.9916310805548489,1000,0,conditional_fixed_models
clinical,prostate_cancer,mean_bias_pp,15,-0.006579478600310945,0.3701123746673224,1000,0,conditional_fixed_models
clinical,gastric_cancer,brier,15,1.2100739330357868e-05,0.004877487160156413,1000,0,conditional_fixed_models
clinical,gastric_cancer,auc,15,0.5337203369700393,0.9428173342307845,953,47,defined_draws_only_not_nominal_95pct
clinical,gastric_cancer,mean_bias_pp,15,-0.28208847835720496,0.2150027224791449,1000,0,conditional_fixed_models
clinical,hematologic_cancer,brier,15,0.0006580373005888644,0.011653536988516103,1000,0,conditional_fixed_models
clinical,hematologic_cancer,auc,15,0.41360714487103606,0.8742726296584521,1000,0,conditional_fixed_models
clinical,hematologic_cancer,mean_bias_pp,15,-0.617319618542186,0.4991520027193311,1000,0,conditional_fixed_models
clinical,infection,brier,15,0.00248890079571142,0.018295002711118502,1000,0,conditional_fixed_models
clinical,infection,auc,15,0.7009241518013589,0.9302616796158404,1000,0,conditional_fixed_models
clinical,infection,mean_bias_pp,15,-1.3360789450847874,0.30771413709259554,1000,0,conditional_fixed_models
clinical,external,brier,15,0.004351518632130347,0.018463919263166175,1000,0,conditional_fixed_models
clinical,external,auc,15,0.24370959080810428,0.6080159466817026,1000,0,conditional_fixed_models
clinical,external,mean_bias_pp,15,-1.1763888954602684,0.27369757643222126,1000,0,conditional_fixed_models
clinical,other_or_unresolved,brier,15,0.024335734900002425,0.058299865775334,1000,0,conditional_fixed_models
clinical,other_or_unresolved,auc,15,0.725540354704607,0.8255059288708674,1000,0,conditional_fixed_models
clinical,other_or_unresolved,mean_bias_pp,15,-1.8528397870188253,2.129563924582714,1000,0,conditional_fixed_models
laboratory,multistate,brier,15,0.24616403411347873,0.33633627401286664,1000,0,conditional_fixed_models
laboratory,all_cause,brier,15,0.09599842960515612,0.13380314739233365,1000,0,conditional_fixed_models
laboratory,all_cause,auc,15,0.8030405088606032,0.8734192922911367,1000,0,conditional_fixed_models
laboratory,all_cause,mean_bias_pp,15,-3.2228233587661492,2.9412553183053376,1000,0,conditional_fixed_models
laboratory,ihd,brier,15,0.03677657239999568,0.061545102123161374,1000,0,conditional_fixed_models
laboratory,ihd,auc,15,0.7511971599547788,0.8918282044120514,1000,0,conditional_fixed_models
laboratory,ihd,mean_bias_pp,15,-1.2557654324630105,1.160813815145209,1000,0,conditional_fixed_models
laboratory,heart_failure,brier,15,0.0007495481388377575,0.006687473276668196,1000,0,conditional_fixed_models
laboratory,heart_failure,auc,15,0.4210865677783097,0.886142807990511,1000,0,conditional_fixed_models
laboratory,heart_failure,mean_bias_pp,15,-0.2708514683040158,0.3420086455742526,1000,0,conditional_fixed_models
laboratory,stroke,brier,15,0.003987858233555965,0.01499550315392927,1000,0,conditional_fixed_models
laboratory,stroke,auc,15,0.7389447508405576,0.9278341364171147,1000,0,conditional_fixed_models
laboratory,stroke,mean_bias_pp,15,-0.22230544857025236,1.0860000327443866,1000,0,conditional_fixed_models
laboratory,hypertension,brier,15,6.393614795912682e-05,0.0036638263302507267,1000,0,conditional_fixed_models
laboratory,hypertension,auc,15,0.7874020806077043,0.9712678540001989,883,117,defined_draws_only_not_nominal_95pct
laboratory,hypertension,mean_bias_pp,15,0.20247670691027075,0.570808397568356,1000,0,conditional_fixed_models
laboratory,aortic_aneurysm,brier,15,4.551547318802912e-06,0.009861013188593734,1000,0,conditional_fixed_models
laboratory,aortic_aneurysm,auc,15,0.7913689028082193,0.9579417006451851,877,123,defined_draws_only_not_nominal_95pct
laboratory,aortic_aneurysm,mean_bias_pp,15,-0.8433824487124674,0.15401927553516598,1000,0,conditional_fixed_models
laboratory,chronic_respiratory,brier,15,0.000931103460186103,0.00457049584646907,1000,0,conditional_fixed_models
laboratory,chronic_respiratory,auc,15,0.7711164027763143,0.9111573339720781,1000,0,conditional_fixed_models
laboratory,chronic_respiratory,mean_bias_pp,15,0.06409911120021851,0.4519711503703516,1000,0,conditional_fixed_models
laboratory,dementia,brier,15,1.8625739801634062e-06,0.005156069868843943,1000,0,conditional_fixed_models
laboratory,dementia,auc,15,0.773684365359189,0.9184588433982178,740,260,defined_draws_only_not_nominal_95pct
laboratory,dementia,mean_bias_pp,15,-0.42282537949770055,0.10295230928892617,1000,0,conditional_fixed_models
laboratory,diabetes,brier,15,1.9099330548553777e-05,0.015955197573411267,1000,0,conditional_fixed_models
laboratory,diabetes,auc,15,0.7530465976567216,0.999063204202554,972,28,defined_draws_only_not_nominal_95pct
laboratory,diabetes,mean_bias_pp,15,-1.3231318709327293,0.2816496942911006,1000,0,conditional_fixed_models
laboratory,renal,brier,15,2.5392508915296686e-06,0.001964553946158205,1000,0,conditional_fixed_models
laboratory,renal,auc,15,0.8824481169499826,0.9988026792622517,796,204,defined_draws_only_not_nominal_95pct
laboratory,renal,mean_bias_pp,15,-0.07743761513597476,0.12323928345870273,1000,0,conditional_fixed_models
laboratory,chronic_liver,brier,15,6.6707213580382885e-06,0.012831002729707256,1000,0,conditional_fixed_models
laboratory,chronic_liver,auc,15,0.7633943361831524,0.9645134112607922,904,96,defined_draws_only_not_nominal_95pct
laboratory,chronic_liver,mean_bias_pp,15,-1.1262614951219554,0.17730609121965563,1000,0,conditional_fixed_models
laboratory,lung_cancer,brier,15,0.0029869157111363912,0.01859034505103886,1000,0,conditional_fixed_models
laboratory,lung_cancer,auc,15,0.48466055451784495,0.7891355146044767,1000,0,conditional_fixed_models
laboratory,lung_cancer,mean_bias_pp,15,-0.7279321131877293,0.9262054478997016,1000,0,conditional_fixed_models
laboratory,colorectal_cancer,brier,15,0.001767026379057414,0.009258745359680406,1000,0,conditional_fixed_models
laboratory,colorectal_cancer,auc,15,0.49454526804199267,0.9836507725154646,999,1,defined_draws_only_not_nominal_95pct
laboratory,colorectal_cancer,mean_bias_pp,15,-0.2890399318182061,0.5189512660079881,1000,0,conditional_fixed_models
laboratory,pancreatic_cancer,brier,15,0.00041721899738042544,0.004810961659848076,1000,0,conditional_fixed_models
laboratory,pancreatic_cancer,auc,15,0.40971605508673553,0.9269736086461258,1000,0,conditional_fixed_models
laboratory,pancreatic_cancer,mean_bias_pp,15,-0.11457271230881244,0.3251348390908908,1000,0,conditional_fixed_models
laboratory,breast_cancer,brier,15,3.6903383817865296e-05,0.004554066015923962,1000,0,conditional_fixed_models
laboratory,breast_cancer,auc,15,0.6133420201989502,0.954843440169497,877,123,defined_draws_only_not_nominal_95pct
laboratory,breast_cancer,mean_bias_pp,15,-0.11640294487361297,0.3825217790766496,1000,0,conditional_fixed_models
laboratory,prostate_cancer,brier,15,0.00031745505557657065,0.0036800583703132926,1000,0,conditional_fixed_models
laboratory,prostate_cancer,auc,15,0.8478216105286879,0.9806335192112151,1000,0,conditional_fixed_models
laboratory,prostate_cancer,mean_bias_pp,15,-0.0012907216996443111,0.377896132887188,1000,0,conditional_fixed_models
laboratory,gastric_cancer,brier,15,1.2092462851452964e-05,0.004873138449558805,1000,0,conditional_fixed_models
laboratory,gastric_cancer,auc,15,0.523877519490183,0.920246003314614,953,47,defined_draws_only_not_nominal_95pct
laboratory,gastric_cancer,mean_bias_pp,15,-0.27799584779724507,0.2114572187671806,1000,0,conditional_fixed_models
laboratory,hematologic_cancer,brier,15,0.0006663392699980396,0.01162852072137834,1000,0,conditional_fixed_models
laboratory,hematologic_cancer,auc,15,0.4246468217301333,0.9198618127582631,1000,0,conditional_fixed_models
laboratory,hematologic_cancer,mean_bias_pp,15,-0.6122838653781826,0.5042114893823884,1000,0,conditional_fixed_models
laboratory,infection,brier,15,0.00249170124720607,0.01838637598023208,1000,0,conditional_fixed_models
laboratory,infection,auc,15,0.6422321577087127,0.9005912130737382,1000,0,conditional_fixed_models
laboratory,infection,mean_bias_pp,15,-1.3490432092336038,0.3106663518078144,1000,0,conditional_fixed_models
laboratory,external,brier,15,0.00435733285225848,0.018449085550863772,1000,0,conditional_fixed_models
laboratory,external,auc,15,0.22774851823920808,0.6036948598575583,1000,0,conditional_fixed_models
laboratory,external,mean_bias_pp,15,-1.1711104377286414,0.26211804366775265,1000,0,conditional_fixed_models
laboratory,other_or_unresolved,brier,15,0.023864476819774574,0.05753749562772011,1000,0,conditional_fixed_models
laboratory,other_or_unresolved,auc,15,0.7639321879322994,0.844982239330894,1000,0,conditional_fixed_models
laboratory,other_or_unresolved,mean_bias_pp,15,-1.9307184028626094,2.045635127190345,1000,0,conditional_fixed_models
delta_lab_minus_clinical,multistate,brier,15,-0.010252665998877846,-0.00156128008951008,1000,0,conditional_fixed_models
delta_lab_minus_clinical,all_cause,brier,15,-0.008580293407310284,-0.0010445731856539233,1000,0,conditional_fixed_models
delta_lab_minus_clinical,all_cause,auc,15,0.004924939398520456,0.02790754666331768,1000,0,conditional_fixed_models
delta_lab_minus_clinical,all_cause,mean_bias_pp,15,-0.47558791409608875,0.48804415452920963,1000,0,conditional_fixed_models
delta_lab_minus_clinical,ihd,brier,15,-0.0015684536740322669,0.00016215250730217687,1000,0,conditional_fixed_models
delta_lab_minus_clinical,ihd,auc,15,8.819821252917828e-05,0.019723448910393224,1000,0,conditional_fixed_models
delta_lab_minus_clinical,ihd,mean_bias_pp,15,-0.1381514851169253,0.24664910106348223,1000,0,conditional_fixed_models
delta_lab_minus_clinical,heart_failure,brier,15,-9.573060372705341e-06,8.05931409779658e-06,1000,0,conditional_fixed_models
delta_lab_minus_clinical,heart_failure,auc,15,-0.08573819315511086,0.09203266200063652,1000,0,conditional_fixed_models
delta_lab_minus_clinical,heart_failure,mean_bias_pp,15,-0.012461173384097664,0.013493407816167192,1000,0,conditional_fixed_models
delta_lab_minus_clinical,stroke,brier,15,-8.082780198594294e-05,3.885860305073869e-05,1000,0,conditional_fixed_models
delta_lab_minus_clinical,stroke,auc,15,-0.016442343089546556,0.005215049733620682,1000,0,conditional_fixed_models
delta_lab_minus_clinical,stroke,mean_bias_pp,15,-0.03273567990547829,0.031488431593139785,1000,0,conditional_fixed_models
delta_lab_minus_clinical,hypertension,brier,15,-1.0313779918241437e-05,1.0399050520834193e-05,1000,0,conditional_fixed_models
delta_lab_minus_clinical,hypertension,auc,15,-0.06794536429454952,0.023116041768209115,883,117,defined_draws_only_not_nominal_95pct
delta_lab_minus_clinical,hypertension,mean_bias_pp,15,-0.010665248858859184,0.018320606406954085,1000,0,conditional_fixed_models
delta_lab_minus_clinical,aortic_aneurysm,brier,15,-9.353127622651129e-06,3.0600902802988787e-07,1000,0,conditional_fixed_models
delta_lab_minus_clinical,aortic_aneurysm,auc,15,-0.007293099407818193,0.08318646399630376,877,123,defined_draws_only_not_nominal_95pct
delta_lab_minus_clinical,aortic_aneurysm,mean_bias_pp,15,-0.0016309101277525216,0.004437644701577068,1000,0,conditional_fixed_models
delta_lab_minus_clinical,chronic_respiratory,brier,15,-2.960228332940393e-05,4.6686327920277946e-06,1000,0,conditional_fixed_models
delta_lab_minus_clinical,chronic_respiratory,auc,15,-0.031024246189340673,0.23317688898387595,1000,0,conditional_fixed_models
delta_lab_minus_clinical,chronic_respiratory,mean_bias_pp,15,-0.01512852145255532,0.009460485388538756,1000,0,conditional_fixed_models
delta_lab_minus_clinical,dementia,brier,15,1.0227186747391532e-07,3.348200271702218e-06,1000,0,conditional_fixed_models
delta_lab_minus_clinical,dementia,auc,15,-0.052981314205309604,-0.025180600182508846,740,260,defined_draws_only_not_nominal_95pct
delta_lab_minus_clinical,dementia,mean_bias_pp,15,-0.002413417813365287,0.0030384479455018857,1000,0,conditional_fixed_models
delta_lab_minus_clinical,diabetes,brier,15,-2.3194296636298028e-06,5.233179744338171e-05,1000,0,conditional_fixed_models
delta_lab_minus_clinical,diabetes,auc,15,-0.11836219271980027,0.025466837981138267,972,28,defined_draws_only_not_nominal_95pct
delta_lab_minus_clinical,diabetes,mean_bias_pp,15,-0.008919414167218448,0.005750608299612684,1000,0,conditional_fixed_models
delta_lab_minus_clinical,renal,brier,15,-2.1872067073453005e-06,2.5219840019291854e-07,1000,0,conditional_fixed_models
delta_lab_minus_clinical,renal,auc,15,0.008428919477434377,0.054587917948698744,796,204,defined_draws_only_not_nominal_95pct
delta_lab_minus_clinical,renal,mean_bias_pp,15,-0.002535290693056785,0.0029865459413720152,1000,0,conditional_fixed_models
delta_lab_minus_clinical,chronic_liver,brier,15,-2.8701721623184675e-05,7.0633320299487275e-06,1000,0,conditional_fixed_models
delta_lab_minus_clinical,chronic_liver,auc,15,-0.05381475066426433,0.14818544314872714,904,96,defined_draws_only_not_nominal_95pct
delta_lab_minus_clinical,chronic_liver,mean_bias_pp,15,9.386951544773676e-06,0.00687560752408024,1000,0,conditional_fixed_models
delta_lab_minus_clinical,lung_cancer,brier,15,-3.2888887933561e-05,9.189422234745831e-05,1000,0,conditional_fixed_models
delta_lab_minus_clinical,lung_cancer,auc,15,-0.032000864872244225,0.09461110781557437,1000,0,conditional_fixed_models
delta_lab_minus_clinical,lung_cancer,mean_bias_pp,15,-0.02372870958522063,0.045611977470588226,1000,0,conditional_fixed_models
delta_lab_minus_clinical,colorectal_cancer,brier,15,-3.499271331529592e-05,4.790483950243508e-06,1000,0,conditional_fixed_models
delta_lab_minus_clinical,colorectal_cancer,auc,15,-0.010272661381249102,0.02015543094896107,999,1,defined_draws_only_not_nominal_95pct
delta_lab_minus_clinical,colorectal_cancer,mean_bias_pp,15,-0.023147409117990056,0.01057317414090505,1000,0,conditional_fixed_models
delta_lab_minus_clinical,pancreatic_cancer,brier,15,-2.269737668886168e-06,5.3068406796394815e-06,1000,0,conditional_fixed_models
delta_lab_minus_clinical,pancreatic_cancer,auc,15,-0.027713228012154614,0.055793265361843904,1000,0,conditional_fixed_models
delta_lab_minus_clinical,pancreatic_cancer,mean_bias_pp,15,-0.007807850440776507,0.011357967002911964,1000,0,conditional_fixed_models
delta_lab_minus_clinical,breast_cancer,brier,15,-3.7415665684392325e-06,3.86891753286748e-06,1000,0,conditional_fixed_models
delta_lab_minus_clinical,breast_cancer,auc,15,-0.010759235192706806,0.04936771532397507,877,123,defined_draws_only_not_nominal_95pct
delta_lab_minus_clinical,breast_cancer,mean_bias_pp,15,-0.01877922188764136,0.0011846311075485744,1000,0,conditional_fixed_models
delta_lab_minus_clinical,prostate_cancer,brier,15,-1.0929701750965307e-05,6.875222110163377e-06,1000,0,conditional_fixed_models
delta_lab_minus_clinical,prostate_cancer,auc,15,-0.04894855511985468,0.02066872721984877,1000,0,conditional_fixed_models
delta_lab_minus_clinical,prostate_cancer,mean_bias_pp,15,-0.0051773433728602965,0.017608338568329412,1000,0,conditional_fixed_models
delta_lab_minus_clinical,gastric_cancer,brier,15,-3.761259956574516e-06,2.6661171493448005e-06,1000,0,conditional_fixed_models
delta_lab_minus_clinical,gastric_cancer,auc,15,-0.02372462105904909,0.05576049158808956,953,47,defined_draws_only_not_nominal_95pct
delta_lab_minus_clinical,gastric_cancer,mean_bias_pp,15,-0.006517219814098672,0.006339576776037418,1000,0,conditional_fixed_models
delta_lab_minus_clinical,hematologic_cancer,brier,15,-4.619362878211094e-05,2.4546698496710967e-05,1000,0,conditional_fixed_models
delta_lab_minus_clinical,hematologic_cancer,auc,15,-0.12981389604529256,0.06975376368549925,1000,0,conditional_fixed_models
delta_lab_minus_clinical,hematologic_cancer,mean_bias_pp,15,-0.018655334931277037,0.017495521445513876,1000,0,conditional_fixed_models
delta_lab_minus_clinical,infection,brier,15,1.512548625789414e-06,8.029665696446348e-05,1000,0,conditional_fixed_models
delta_lab_minus_clinical,infection,auc,15,-0.07501999269930534,0.008202740143331125,1000,0,conditional_fixed_models
delta_lab_minus_clinical,infection,mean_bias_pp,15,-0.015488370445925484,0.020351141560877126,1000,0,conditional_fixed_models
delta_lab_minus_clinical,external,brier,15,-1.9629068785013104e-05,7.539613085946792e-06,1000,0,conditional_fixed_models
delta_lab_minus_clinical,external,auc,15,-0.0258096926159026,0.025476089772674373,1000,0,conditional_fixed_models
delta_lab_minus_clinical,external,mean_bias_pp,15,-0.017647678634980984,0.007180989617950634,1000,0,conditional_fixed_models
delta_lab_minus_clinical,other_or_unresolved,brier,15,-0.0013266718351880819,0.0003615557934510589,1000,0,conditional_fixed_models
delta_lab_minus_clinical,other_or_unresolved,auc,15,-0.003676638025674877,0.06569648488370496,1000,0,conditional_fixed_models
delta_lab_minus_clinical,other_or_unresolved,mean_bias_pp,15,-0.18780016018380982,0.06545824866355379,1000,0,conditional_fixed_models
