study,subgroup,panel,horizon,n,outcome,brier,auc,observed,predicted,observed_expected,mean_bias_pp,events
secondary_hepatic_smoking,female,clinical,15,527,multistate,0.2552677772715559,,,,,,
secondary_hepatic_smoking,female,clinical,15,527,all_cause,0.10425193825191749,0.8377803303069852,0.15751774313463696,0.16044794056705056,0.981737394558897,0.29301974324136004,114.0
secondary_hepatic_smoking,female,clinical,15,527,ihd,0.029953642175987175,0.8335823288449359,0.03230394974807785,0.04277204984572045,0.7552583957186708,1.0468100097642603,25.0
secondary_hepatic_smoking,female,clinical,15,527,heart_failure,0.0017046257796773027,0.671014168324376,0.0016850543631340713,0.004551584694191532,0.3702126789565049,0.2866530331057461,2.0
secondary_hepatic_smoking,female,clinical,15,527,stroke,0.008952033208447802,0.8972386421857955,0.009247780274824568,0.018686772822225625,0.494883753487144,0.9438992547401057,12.0
secondary_hepatic_smoking,female,clinical,15,527,hypertension,0.002017188800285097,0.8951909822126322,0.0020230575082442258,0.0043435362667794694,0.4657627757634056,0.23204787585352438,2.0
secondary_hepatic_smoking,female,clinical,15,527,aortic_aneurysm,0.004418473229779691,0.900138627156687,0.0044341991132973956,0.0007251539593733096,6.114838174681561,-0.3709045153924086,1.0
secondary_hepatic_smoking,female,clinical,15,527,chronic_respiratory,0.0006341298941150135,0.8796663780686553,0.0006086724725672525,0.004768549640182206,0.1276431029339133,0.41598771676149543,2.0
secondary_hepatic_smoking,female,clinical,15,527,dementia,1.942888982950191e-06,,0.0,0.0009424322620158002,0.0,0.09424322620158002,0.0
secondary_hepatic_smoking,female,clinical,15,527,diabetes,0.007062127142716993,0.8537309056484551,0.007151422630542128,0.0031313990194906907,2.283778779398506,-0.4020023611051438,4.0
secondary_hepatic_smoking,female,clinical,15,527,renal,0.0012968599424529627,0.9093430493905437,0.0013021718796805304,0.0010721525358775073,1.2145397563367817,-0.02300193438030231,2.0
secondary_hepatic_smoking,female,clinical,15,527,chronic_liver,6.676470702923547e-07,,0.0,0.0005852217330856158,0.0,0.058522173308561576,0.0
secondary_hepatic_smoking,female,clinical,15,527,lung_cancer,0.0136193178320001,0.718112622064199,0.013772134145195122,0.004976682794539235,2.767332119360083,-0.8795451350655885,8.0
secondary_hepatic_smoking,female,clinical,15,527,colorectal_cancer,0.007688309228695196,0.9103602918610266,0.00791818233226773,0.007653488759495186,1.0345846947830368,-0.026469357277254368,7.0
secondary_hepatic_smoking,female,clinical,15,527,pancreatic_cancer,0.0030594669175339163,0.7011153218349676,0.003066374997786109,0.0014319575184861765,2.141386848562233,-0.16344174792999328,2.0
secondary_hepatic_smoking,female,clinical,15,527,breast_cancer,0.003587357911294452,0.7657477148827755,0.003608666477246984,0.005991109667292608,0.6023369087946852,0.2382443190045624,3.0
secondary_hepatic_smoking,female,clinical,15,527,prostate_cancer,0.0,,0.0,0.0,,0.0,0.0
secondary_hepatic_smoking,female,clinical,15,527,gastric_cancer,0.0020294191161322225,0.796535396308788,0.0020344456158399326,0.0009634604585657483,2.1116026067831597,-0.10709851572741844,2.0
secondary_hepatic_smoking,female,clinical,15,527,hematologic_cancer,0.007233942729040251,0.8127853230263246,0.007340335327533184,0.006283716261121199,1.1681519378826077,-0.10566190664119844,2.0
secondary_hepatic_smoking,female,clinical,15,527,infection,0.012440236993940812,0.8684656498625838,0.012766420439863828,0.005352937854221704,2.384937166755136,-0.7413482585642124,7.0
secondary_hepatic_smoking,female,clinical,15,527,external,0.012311420670338986,0.5020196068842974,0.012376579261944212,0.0045814897106495785,2.7014312032994656,-0.7795089551294633,7.0
secondary_hepatic_smoking,female,clinical,15,527,other_or_unresolved,0.03300467691114732,0.7991861784027837,0.03587829654659182,0.04163424476373693,0.8617496666552124,0.5755948217145112,26.0
secondary_hepatic_smoking,male,clinical,15,455,multistate,0.3533201315012342,,,,,,
secondary_hepatic_smoking,male,clinical,15,455,all_cause,0.13916326532415838,0.7950053046596476,0.23473405511496778,0.22781681005939197,1.0303631898531653,-0.691724505557581,148.0
secondary_hepatic_smoking,male,clinical,15,455,ihd,0.07493459589623501,0.7581405186750021,0.09013377466594813,0.07346762580829698,1.2268502442305544,-1.666614885765115,51.0
secondary_hepatic_smoking,male,clinical,15,455,heart_failure,0.0057348014096184645,0.6669661554159552,0.005769986529826515,0.0035465334467865203,1.6269370122688802,-0.22234530830399943,4.0
secondary_hepatic_smoking,male,clinical,15,455,stroke,0.00958725015978062,0.8474225821166292,0.00985869439288293,0.00904520799704517,1.0899356207290651,-0.08134863958377606,12.0
secondary_hepatic_smoking,male,clinical,15,455,hypertension,0.0015766384330971554,0.9096282291651339,0.0015324406292549953,0.007090756534822761,0.2161180717077462,0.5558315905567766,1.0
secondary_hepatic_smoking,male,clinical,15,455,aortic_aneurysm,0.005101945594755856,0.8340140936440124,0.005138750461066265,0.0024047558565432705,2.136911506872465,-0.27339946045229946,2.0
secondary_hepatic_smoking,male,clinical,15,455,chronic_respiratory,0.005439701740479008,0.7504383953424366,0.005490170732206389,0.00617844758920219,0.8886003567953424,0.06882768569958006,5.0
secondary_hepatic_smoking,male,clinical,15,455,dementia,0.004635774264810795,0.8632520111726432,0.004653892386140644,0.0010420863051279316,4.465937574689948,-0.3611806081012713,2.0
secondary_hepatic_smoking,male,clinical,15,455,diabetes,0.00706659487441727,0.9346359928305944,0.0071633774072036305,0.002800441476061874,2.557945762636377,-0.43629359311417565,2.0
secondary_hepatic_smoking,male,clinical,15,455,renal,2.9120559660045615e-06,,0.0,0.0013330912795525868,0.0,0.13330912795525868,0.0
secondary_hepatic_smoking,male,clinical,15,455,chronic_liver,0.010969787428808369,0.535896030795914,0.011027450124090144,0.0029673092050066276,3.7163131181219495,-0.8060140919083516,3.0
secondary_hepatic_smoking,male,clinical,15,455,lung_cancer,0.005930311808538099,0.8518352890135066,0.005783063673957149,0.01909837573322282,0.30280395331720006,1.3315312059265672,7.0
secondary_hepatic_smoking,male,clinical,15,455,colorectal_cancer,0.0027242960779891904,0.39655931635927755,0.00269500284036781,0.006168032964704975,0.43693068045992767,0.34730301243371653,2.0
secondary_hepatic_smoking,male,clinical,15,455,pancreatic_cancer,0.0021167278507100385,0.7297851664538751,0.002088052869705912,0.0062163179005042665,0.3358986627013605,0.4128265030798354,3.0
secondary_hepatic_smoking,male,clinical,15,455,breast_cancer,1.7407245982637294e-06,,0.0,0.0010480815354367476,0.0,0.10480815354367476,0.0
secondary_hepatic_smoking,male,clinical,15,455,prostate_cancer,0.003480478498748322,0.8611577608177571,0.003488987569156307,0.008334467759489272,0.4186215208744306,0.4845480190332965,4.0
secondary_hepatic_smoking,male,clinical,15,455,gastric_cancer,0.0031033995417080627,0.7400958050124959,0.0031132301920617366,0.003510666413977536,0.8867918010285946,0.039743622191579925,2.0
secondary_hepatic_smoking,male,clinical,15,455,hematologic_cancer,0.004048762864878791,0.632911851683053,0.004060420428114264,0.004857375874325835,0.8359288087166649,0.07969554462115713,3.0
secondary_hepatic_smoking,male,clinical,15,455,infection,0.006861832956814641,0.8782115519416975,0.006990447179639395,0.005652375416830269,1.236727333932021,-0.13380717628091254,4.0
secondary_hepatic_smoking,male,clinical,15,455,external,0.01058708046005102,0.4163343582809863,0.010603269825896301,0.009686278337921581,1.0946691242997548,-0.09169914879747204,8.0
secondary_hepatic_smoking,male,clinical,15,455,other_or_unresolved,0.05025223353507084,0.7451673292980739,0.05514304320744928,0.05336858262453277,1.0332491607543801,-0.17744605829165122,33.0
secondary_hepatic_smoking,age25_49,clinical,15,451,multistate,0.13811273462105805,,,,,,
secondary_hepatic_smoking,age25_49,clinical,15,451,all_cause,0.0651754180642037,0.7392148274889566,0.07465957917266591,0.07301099208235087,1.0225799847844221,-0.164858709031504,46.0
secondary_hepatic_smoking,age25_49,clinical,15,451,ihd,0.02160869312130277,0.78762412015817,0.022552109233706024,0.018769385892309306,1.201536873028258,-0.3782723341396718,8.0
secondary_hepatic_smoking,age25_49,clinical,15,451,heart_failure,0.0035945494678439834,0.8379447498908924,0.0036099899956509207,0.001704102832964376,2.118410888016162,-0.19058871626865448,3.0
secondary_hepatic_smoking,age25_49,clinical,15,451,stroke,0.002976748330159986,0.955384975817904,0.003010806045343317,0.00474585548062347,0.6344074440605981,0.1735049435280153,2.0
secondary_hepatic_smoking,age25_49,clinical,15,451,hypertension,8.304537048277591e-06,,0.0,0.0022135886774561613,0.0,0.22135886774561614,0.0
secondary_hepatic_smoking,age25_49,clinical,15,451,aortic_aneurysm,9.797448734289974e-07,,0.0,0.0007158302925789705,0.0,0.07158302925789704,0.0
secondary_hepatic_smoking,age25_49,clinical,15,451,chronic_respiratory,0.001475017287879823,0.9136696206853776,0.0014810336029641058,0.002565121891652345,0.5773735773663705,0.10840882886882391,2.0
secondary_hepatic_smoking,age25_49,clinical,15,451,dementia,2.3261258728379617e-07,,0.0,0.0004109585376718265,0.0,0.04109585376718265,0.0
secondary_hepatic_smoking,age25_49,clinical,15,451,diabetes,2.0616808868246747e-06,,0.0,0.0011697890881784522,0.0,0.11697890881784523,0.0
secondary_hepatic_smoking,age25_49,clinical,15,451,renal,3.5109878565978684e-07,,0.0,0.0005001269739144719,0.0,0.05001269739144719,0.0
secondary_hepatic_smoking,age25_49,clinical,15,451,chronic_liver,0.005352999989489135,0.805133476134337,0.005367983491714695,0.0008475201415600683,6.33375329798488,-0.45204633501546265,1.0
secondary_hepatic_smoking,age25_49,clinical,15,451,lung_cancer,0.0019073432771556475,0.5319108857813686,0.0018682976771134587,0.00513953289519618,0.3635150732977543,0.3271235218082721,1.0
secondary_hepatic_smoking,age25_49,clinical,15,451,colorectal_cancer,0.0012779704621665798,0.15616428039807864,0.0012709830387963197,0.0027939820429141167,0.45490021742254555,0.1522999004117797,1.0
secondary_hepatic_smoking,age25_49,clinical,15,451,pancreatic_cancer,6.004680088920079e-06,,0.0,0.001747707110442421,0.0,0.1747707110442421,0.0
secondary_hepatic_smoking,age25_49,clinical,15,451,breast_cancer,0.0007716932562357764,0.7535718101190167,0.0007708363578729643,0.0015768673106280047,0.4888403435581211,0.08060309527550404,1.0
secondary_hepatic_smoking,age25_49,clinical,15,451,prostate_cancer,1.0709927623376098e-05,,0.0,0.001942613498556335,0.0,0.1942613498556335,0.0
secondary_hepatic_smoking,age25_49,clinical,15,451,gastric_cancer,1.4853983416374129e-06,,0.0,0.0008846566202661619,0.0,0.0884656620266162,0.0
secondary_hepatic_smoking,age25_49,clinical,15,451,hematologic_cancer,0.0008019922767897773,0.4188164573441419,0.0007973193466088782,0.0024402903142834195,0.32673134911122553,0.16429709676745413,1.0
secondary_hepatic_smoking,age25_49,clinical,15,451,infection,0.0025938973372062754,0.8989704253330271,0.0026077103002605513,0.002059946628095305,1.2659115846470872,-0.05477636721652464,3.0
secondary_hepatic_smoking,age25_49,clinical,15,451,external,0.013418818984662715,0.5435905004878077,0.013503231518651751,0.0036302580270656483,3.7196340915652395,-0.9872973491586102,8.0
secondary_hepatic_smoking,age25_49,clinical,15,451,other_or_unresolved,0.01712746308572648,0.7697336376222806,0.017819278563982934,0.017152857825993833,1.038851877905686,-0.06664207379891013,15.0
secondary_hepatic_smoking,age50_64,clinical,15,303,multistate,0.40182582659923954,,,,,,
secondary_hepatic_smoking,age50_64,clinical,15,303,all_cause,0.16917511147746078,0.7065480926893344,0.2479838192745055,0.2627353416825522,0.9438540612253448,1.4751522408046696,80.0
secondary_hepatic_smoking,age50_64,clinical,15,303,ihd,0.06793224520511956,0.7120108076088812,0.07690269797231149,0.07948345018173258,0.9675309488513595,0.2580752209421097,27.0
secondary_hepatic_smoking,age50_64,clinical,15,303,heart_failure,4.129725427445055e-05,,0.0,0.005734126310432678,0.0,0.5734126310432678,0.0
secondary_hepatic_smoking,age50_64,clinical,15,303,stroke,0.003728151513802392,0.5006766575941212,0.0033806990406496833,0.018450299800327034,0.18323274294923705,1.506960075967735,3.0
secondary_hepatic_smoking,age50_64,clinical,15,303,hypertension,0.004916305742464168,0.8512396818868461,0.004972798172845037,0.007625804388666204,0.652101459648745,0.2653006215821167,2.0
secondary_hepatic_smoking,age50_64,clinical,15,303,aortic_aneurysm,0.004847724482157387,0.859519042884051,0.004879389667297912,0.0020911236415297107,2.333381714210123,-0.2788266025768201,1.0
secondary_hepatic_smoking,age50_64,clinical,15,303,chronic_respiratory,0.0029300764723859648,0.94705016065671,0.002937848683527346,0.007850769865002433,0.3742115402750295,0.4912921181475087,1.0
secondary_hepatic_smoking,age50_64,clinical,15,303,dementia,0.005187265552810058,0.814851983764066,0.0052049051180978615,0.0013246586686880837,3.929242484218745,-0.3880246449409778,1.0
secondary_hepatic_smoking,age50_64,clinical,15,303,diabetes,0.011048444356376233,0.7990776487502679,0.011167845336337934,0.004183145332491233,2.6697244414616184,-0.6984700003846701,3.0
secondary_hepatic_smoking,age50_64,clinical,15,303,renal,3.1497772886822174e-06,,0.0,0.0016204294706794646,0.0,0.16204294706794647,0.0
secondary_hepatic_smoking,age50_64,clinical,15,303,chronic_liver,0.0029332399188203217,0.7415182624642567,0.002946249127151786,0.0023696482025569,1.2433276483710627,-0.057660092459488596,1.0
secondary_hepatic_smoking,age50_64,clinical,15,303,lung_cancer,0.02480035597931998,0.3961853488091675,0.024982143798255987,0.016344251621492344,1.5284972586572882,-0.8637892176763643,9.0
secondary_hepatic_smoking,age50_64,clinical,15,303,colorectal_cancer,0.003417971151512703,0.7355745100018726,0.00338842052777713,0.009383056945780656,0.36112117270063293,0.5994636418003526,2.0
secondary_hepatic_smoking,age50_64,clinical,15,303,pancreatic_cancer,0.007568265167131701,0.40780222801199645,0.00757820441449566,0.0050454657566447935,1.501983123067537,-0.25327386578508665,3.0
secondary_hepatic_smoking,age50_64,clinical,15,303,breast_cancer,4.401069646471737e-05,,0.0,0.00498653963452763,0.0,0.498653963452763,0.0
secondary_hepatic_smoking,age50_64,clinical,15,303,prostate_cancer,0.0009778629260177966,0.86126306347241,0.0009321251216280611,0.005505607465804116,0.16930468207506336,0.4573482344176054,1.0
secondary_hepatic_smoking,age50_64,clinical,15,303,gastric_cancer,0.005092783270800702,0.4842431525110967,0.005102637710276761,0.0028915604454611754,1.7646657597237054,-0.22110772648155858,2.0
secondary_hepatic_smoking,age50_64,clinical,15,303,hematologic_cancer,0.014217893028512254,0.782557315614383,0.014458130257555954,0.007725543134244785,1.871471041753405,-0.6732587123311169,3.0
secondary_hepatic_smoking,age50_64,clinical,15,303,infection,0.00833058980349851,0.8559787446401755,0.008455842333509364,0.007050329328223952,1.1993542343701376,-0.14055130052854126,2.0
secondary_hepatic_smoking,age50_64,clinical,15,303,external,0.005851974921010145,0.29695884184487353,0.005810718206084947,0.00926107881889644,0.6274342676177935,0.3450360612811492,2.0
secondary_hepatic_smoking,age50_64,clinical,15,303,other_or_unresolved,0.058781107902011125,0.6942354271786745,0.06488316378670264,0.06380845266936992,1.0168427703912748,-0.1074711117332719,17.0
secondary_hepatic_smoking,age65_74,clinical,15,228,multistate,0.7612032974287127,,,,,,
secondary_hepatic_smoking,age65_74,clinical,15,228,all_cause,0.2412280743499433,0.606067229564186,0.5767390373320295,0.5397288584838015,1.0685717990922265,-3.7010178848227993,136.0
secondary_hepatic_smoking,age65_74,clinical,15,228,ihd,0.13578164965411932,0.6747843821014762,0.17436251689245516,0.16986322702157652,1.0264877216203312,-0.44992898708786366,41.0
secondary_hepatic_smoking,age65_74,clinical,15,228,heart_failure,0.011490451986158012,0.36059194095595976,0.011563630025294154,0.01061530681598016,1.0893354498135088,-0.09483232093139941,3.0
secondary_hepatic_smoking,age65_74,clinical,15,228,stroke,0.04904270412755263,0.5928465247760893,0.051913686945120385,0.04570183120106434,1.1359213751573127,-0.6211855744056048,19.0
secondary_hepatic_smoking,age65_74,clinical,15,228,hypertension,0.0024357279017141616,0.5785307223749355,0.002213436075566913,0.015646698306895686,0.1414634597122273,1.3433262231328773,1.0
secondary_hepatic_smoking,age65_74,clinical,15,228,aortic_aneurysm,0.02492316997209378,0.360068320701823,0.025048620327135628,0.0035165050523664892,7.12315778141105,-2.153211527476914,2.0
secondary_hepatic_smoking,age65_74,clinical,15,228,chronic_respiratory,0.008556364545438918,0.3431135153352548,0.008587643477231479,0.012145853068737769,0.707043254074531,0.355820959150629,4.0
secondary_hepatic_smoking,age65_74,clinical,15,228,dementia,0.004159918734300194,0.5862469991303624,0.004175397510168865,0.0027115145651528034,1.539876482254325,-0.14638829450160612,1.0
secondary_hepatic_smoking,age65_74,clinical,15,228,diabetes,0.028359845734663318,0.6171463646547002,0.028802036036897193,0.008032102714411935,3.5858650045918785,-2.076993332248526,3.0
secondary_hepatic_smoking,age65_74,clinical,15,228,renal,0.00528308778076165,0.3815822959786861,0.005303381073138946,0.003200382163746189,1.6571086832114774,-0.21029989093927567,2.0
secondary_hepatic_smoking,age65_74,clinical,15,228,chronic_liver,0.008833983680562539,0.8523994933004896,0.00894004834770097,0.003703951486881897,2.413651577069381,-0.5236096860819073,1.0
secondary_hepatic_smoking,age65_74,clinical,15,228,lung_cancer,0.011380921256130635,0.7430558904204002,0.011255442284895976,0.027671586863664357,0.406750879172583,1.6416144578768381,5.0
secondary_hepatic_smoking,age65_74,clinical,15,228,colorectal_cancer,0.027686466983401443,0.7149911699115508,0.028632776332539533,0.019478299450513638,1.4699833733064667,-0.9154476882025895,6.0
secondary_hepatic_smoking,age65_74,clinical,15,228,pancreatic_cancer,0.0024605569731039174,0.6269831834162989,0.0023922301571929153,0.008542045250789446,0.28005355707660623,0.6149815093596531,2.0
secondary_hepatic_smoking,age65_74,clinical,15,228,breast_cancer,0.011300352550029228,0.6731543104351787,0.01148984021358575,0.010043572625589612,1.1439993159716146,-0.14462675879961373,2.0
secondary_hepatic_smoking,age65_74,clinical,15,228,prostate_cancer,0.009901900812313798,0.6991095263655766,0.01008480809381497,0.008178371064065996,1.2331071817131714,-0.19064370297489747,3.0
secondary_hepatic_smoking,age65_74,clinical,15,228,gastric_cancer,0.007462369591113034,0.5403810984265427,0.007501817440892294,0.005808871249089154,1.291441507172086,-0.16929461918031402,2.0
secondary_hepatic_smoking,age65_74,clinical,15,228,hematologic_cancer,0.007677195803757955,0.17453815710771722,0.007625390844122685,0.014579884200955883,0.5230076411459256,0.6954493356833198,1.0
secondary_hepatic_smoking,age65_74,clinical,15,228,infection,0.04486086868069515,0.6912789637491988,0.04631025407676416,0.01674719887001619,2.7652537260829333,-2.956305520674797,6.0
secondary_hepatic_smoking,age65_74,clinical,15,228,external,0.016502368607992614,0.22207614414831328,0.016562786156498647,0.01584212824234026,1.0454899684647376,-0.07206579141583874,5.0
secondary_hepatic_smoking,age65_74,clinical,15,228,other_or_unresolved,0.1018753177028671,0.5357337891617844,0.11397329502101286,0.13769952826996318,0.827695609803147,2.3726233248950317,27.0
secondary_hepatic_smoking,female,laboratory,15,527,multistate,0.2489375946435662,,,,,,
secondary_hepatic_smoking,female,laboratory,15,527,all_cause,0.09873515264446014,0.8472765757769409,0.15751774313463696,0.15785388671064055,0.9978705397566816,0.03361435760035891,114.0
secondary_hepatic_smoking,female,laboratory,15,527,ihd,0.0289971535085598,0.8567123039176873,0.03230394974807785,0.04271789289595866,0.7562158982596722,1.0413943147880813,25.0
secondary_hepatic_smoking,female,laboratory,15,527,heart_failure,0.0017125538119083115,0.6189267680750971,0.0016850543631340713,0.004512894041250632,0.37338664451937853,0.28278396781165605,2.0
secondary_hepatic_smoking,female,laboratory,15,527,stroke,0.008925674226837408,0.9009676193989474,0.009247780274824568,0.018682272898953297,0.4950029541289213,0.9434492624128729,12.0
secondary_hepatic_smoking,female,laboratory,15,527,hypertension,0.0020232588670865983,0.8733621900519658,0.0020230575082442258,0.004329409655957814,0.4672825324949888,0.23063521477135884,2.0
secondary_hepatic_smoking,female,laboratory,15,527,aortic_aneurysm,0.004411812126188344,0.972481036432977,0.0044341991132973956,0.000713538478189425,6.214379811091613,-0.372066063510797,1.0
secondary_hepatic_smoking,female,laboratory,15,527,chronic_respiratory,0.0006343432300927921,0.8863587545744305,0.0006086724725672525,0.0046163494291033,0.13185147309905518,0.4007676956536048,2.0
secondary_hepatic_smoking,female,laboratory,15,527,dementia,2.0985392950864717e-06,,0.0,0.0009326361929577674,0.0,0.09326361929577674,0.0
secondary_hepatic_smoking,female,laboratory,15,527,diabetes,0.00706517518970566,0.8555060601795114,0.007151422630542128,0.00307770367350372,2.3236228660054215,-0.4073718957038408,4.0
secondary_hepatic_smoking,female,laboratory,15,527,renal,0.0012954107743417007,0.9289989352469679,0.0013021718796805304,0.0010544973512287624,1.2348744908303118,-0.024767452845176806,2.0
secondary_hepatic_smoking,female,laboratory,15,527,chronic_liver,6.938612586187181e-07,,0.0,0.0005730273782208373,0.0,0.05730273782208373,0.0
secondary_hepatic_smoking,female,laboratory,15,527,lung_cancer,0.013571395428464554,0.7700361687371619,0.013772134145195122,0.004892857681794472,2.814742434965765,-0.8879276463400649,8.0
secondary_hepatic_smoking,female,laboratory,15,527,colorectal_cancer,0.007661838373041288,0.9236957594470635,0.00791818233226773,0.007501889003371382,1.0554918006263843,-0.04162933288963484,7.0
secondary_hepatic_smoking,female,laboratory,15,527,pancreatic_cancer,0.003060653122643674,0.6630576376222781,0.003066374997786109,0.0014063424176691379,2.1803900382015766,-0.16600325801169713,2.0
secondary_hepatic_smoking,female,laboratory,15,527,breast_cancer,0.0035874685468599396,0.7789658631380738,0.003608666477246984,0.005841818724507774,0.6177299651746806,0.22331522472607895,3.0
secondary_hepatic_smoking,female,laboratory,15,527,prostate_cancer,0.0,,0.0,0.0,,0.0,0.0
secondary_hepatic_smoking,female,laboratory,15,527,gastric_cancer,0.002029063249159552,0.7982904963192126,0.0020344456158399326,0.0009459611708712715,2.1506650362468043,-0.1088484444968661,2.0
secondary_hepatic_smoking,female,laboratory,15,527,hematologic_cancer,0.007198965373704881,0.8780830449743132,0.007340335327533184,0.006226703779047181,1.1788476837830901,-0.11136315484860027,2.0
secondary_hepatic_smoking,female,laboratory,15,527,infection,0.012501275051101221,0.8279476839427639,0.012766420439863828,0.0052775138740509975,2.419021672806021,-0.7488906565812831,7.0
secondary_hepatic_smoking,female,laboratory,15,527,external,0.01231673561013823,0.48536623990973055,0.012376579261944212,0.00438739041255665,2.820943225504303,-0.7989188849387562,7.0
secondary_hepatic_smoking,female,laboratory,15,527,other_or_unresolved,0.03320687310871836,0.7981581389874591,0.03587829654659182,0.04016318765144746,0.8933129725149886,0.4284891104855644,26.0
secondary_hepatic_smoking,male,laboratory,15,455,multistate,0.34802062282876534,,,,,,
secondary_hepatic_smoking,male,laboratory,15,455,all_cause,0.13548169298956467,0.8161119306799074,0.23473405511496778,0.23172235709512842,1.0129970109815642,-0.30116980198393595,148.0
secondary_hepatic_smoking,male,laboratory,15,455,ihd,0.07451566664997616,0.764546337911857,0.09013377466594813,0.07523605742350023,1.1980129973928504,-1.48977172424479,51.0
secondary_hepatic_smoking,male,laboratory,15,455,heart_failure,0.005725559614260869,0.7258598825723667,0.005769986529826515,0.0036250935481970978,1.5916793465084942,-0.21448929816294168,4.0
secondary_hepatic_smoking,male,laboratory,15,455,stroke,0.009585604111548355,0.8278551145136956,0.00985869439288293,0.009083990468402872,1.0852823356843817,-0.07747039244800583,12.0
secondary_hepatic_smoking,male,laboratory,15,455,hypertension,0.0015727005695819886,0.944648197180466,0.0015324406292549953,0.007217216530865264,0.2123312530116472,0.5684775901610268,1.0
secondary_hepatic_smoking,male,laboratory,15,455,aortic_aneurysm,0.005101132477217512,0.839094912675236,0.005138750461066265,0.002453767333060502,2.094228899305165,-0.26849831280057634,2.0
secondary_hepatic_smoking,male,laboratory,15,455,chronic_respiratory,0.005421224991737191,0.8440996828653873,0.005490170732206389,0.006315557178509997,0.86930900584478,0.08253864463036079,5.0
secondary_hepatic_smoking,male,laboratory,15,455,dementia,0.004638825948735272,0.8117264697367057,0.004653892386140644,0.0010642639757281185,4.372874110444896,-0.3589628410412526,2.0
secondary_hepatic_smoking,male,laboratory,15,455,diabetes,0.007102336463371829,0.8354235677581627,0.0071633774072036305,0.0028505274461376605,2.5130006788426797,-0.43128499610659704,2.0
secondary_hepatic_smoking,male,laboratory,15,455,renal,3.0870739860742966e-06,,0.0,0.001364765129539817,0.0,0.1364765129539817,0.0
secondary_hepatic_smoking,male,laboratory,15,455,chronic_liver,0.010952367006970339,0.6690757034790239,0.011027450124090144,0.0030629105791079914,3.6003173580410754,-0.7964539544982153,3.0
secondary_hepatic_smoking,male,laboratory,15,455,lung_cancer,0.006055588189815493,0.7856192741169141,0.005783063673957149,0.019506283654266744,0.2964718332029474,1.3723219980309596,7.0
secondary_hepatic_smoking,male,laboratory,15,455,colorectal_cancer,0.0027287275617585297,0.3890327607244139,0.00269500284036781,0.006227793686889301,0.4327379768602976,0.35327908465214913,2.0
secondary_hepatic_smoking,male,laboratory,15,455,pancreatic_cancer,0.0021190592839706855,0.7203759521473667,0.002088052869705912,0.006300175543345275,0.33142772853551233,0.42121226736393635,3.0
secondary_hepatic_smoking,male,laboratory,15,455,breast_cancer,1.8165397745816283e-06,,0.0,0.0010527227884974655,0.0,0.10527227884974655,0.0
secondary_hepatic_smoking,male,laboratory,15,455,prostate_cancer,0.003480824578978284,0.8620211738899821,0.003488987569156307,0.00849661505660371,0.4106326514633151,0.5007627487447404,4.0
secondary_hepatic_smoking,male,laboratory,15,455,gastric_cancer,0.003103446361524991,0.7576822432522522,0.0031132301920617366,0.003542918517955605,0.8787191058117209,0.04296883258938684,2.0
secondary_hepatic_smoking,male,laboratory,15,455,hematologic_cancer,0.004065869453653765,0.5516647688569267,0.004060420428114264,0.004944646094192091,0.8211751358471487,0.08842256660778272,3.0
secondary_hepatic_smoking,male,laboratory,15,455,infection,0.00686788245519173,0.8619382751901575,0.006990447179639395,0.005823572943425113,1.2003708457935085,-0.11668742362142817,4.0
secondary_hepatic_smoking,male,laboratory,15,455,external,0.010566894602456574,0.46332252709133614,0.010603269825896301,0.009815629128081293,1.0802435266794734,-0.0787640697815008,8.0
secondary_hepatic_smoking,male,laboratory,15,455,other_or_unresolved,0.04893031590469035,0.7960516098391526,0.05514304320744928,0.05373785006882234,1.026149039026074,-0.14051931386269423,33.0
secondary_hepatic_smoking,age25_49,laboratory,15,451,multistate,0.13390340978713675,,,,,,
secondary_hepatic_smoking,age25_49,laboratory,15,451,all_cause,0.061495069611002644,0.7710398333481815,0.07465957917266591,0.07435948214220098,1.0040357600916456,-0.03000970304649353,46.0
secondary_hepatic_smoking,age25_49,laboratory,15,451,ihd,0.021821892367642082,0.8120215583177789,0.022552109233706024,0.01901662513710089,1.1859154330022263,-0.35354840966051354,8.0
secondary_hepatic_smoking,age25_49,laboratory,15,451,heart_failure,0.003591699721666534,0.8479146417819767,0.0036099899956509207,0.001691606770299164,2.1340597939392776,-0.19183832253517566,3.0
secondary_hepatic_smoking,age25_49,laboratory,15,451,stroke,0.0029851427496627647,0.9238059788667032,0.003010806045343317,0.0046775871235238235,0.6436664814219751,0.16667810781805065,2.0
secondary_hepatic_smoking,age25_49,laboratory,15,451,hypertension,9.722309182776337e-06,,0.0,0.00223890641807691,0.0,0.223890641807691,0.0
secondary_hepatic_smoking,age25_49,laboratory,15,451,aortic_aneurysm,1.1819728740546234e-06,,0.0,0.0007380151230985248,0.0,0.07380151230985248,0.0
secondary_hepatic_smoking,age25_49,laboratory,15,451,chronic_respiratory,0.0014585033928139182,0.9918266400486941,0.0014810336029641058,0.0025948723793405193,0.5707539279216911,0.11138387763764135,2.0
secondary_hepatic_smoking,age25_49,laboratory,15,451,dementia,2.738462004005017e-07,,0.0,0.0004102602504147564,0.0,0.041026025041475636,0.0
secondary_hepatic_smoking,age25_49,laboratory,15,451,diabetes,2.4481581287023744e-06,,0.0,0.001169105492530324,0.0,0.1169105492530324,0.0
secondary_hepatic_smoking,age25_49,laboratory,15,451,renal,4.214112841229238e-07,,0.0,0.0005034341985231793,0.0,0.05034341985231793,0.0
secondary_hepatic_smoking,age25_49,laboratory,15,451,chronic_liver,0.005342799066819499,0.9277795923261112,0.005367983491714695,0.0009009026016890799,5.958450426994434,-0.4467080890025615,1.0
secondary_hepatic_smoking,age25_49,laboratory,15,451,lung_cancer,0.0019093162276388456,0.7514400630975855,0.0018682976771134587,0.005284762406816993,0.3535253873860968,0.34164647297035344,1.0
secondary_hepatic_smoking,age25_49,laboratory,15,451,colorectal_cancer,0.001279330623264345,0.14554273862379288,0.0012709830387963197,0.002779876649268885,0.4572084301404495,0.1508893610472565,1.0
secondary_hepatic_smoking,age25_49,laboratory,15,451,pancreatic_cancer,7.624523911998493e-06,,0.0,0.0018040461970663068,0.0,0.1804046197066307,0.0
secondary_hepatic_smoking,age25_49,laboratory,15,451,breast_cancer,0.0007713887982496167,0.8098498885578382,0.0007708363578729643,0.0015007120324460476,0.5136470829893721,0.07298756745730832,1.0
secondary_hepatic_smoking,age25_49,laboratory,15,451,prostate_cancer,1.3312734015136975e-05,,0.0,0.002048349937661263,0.0,0.2048349937661263,0.0
secondary_hepatic_smoking,age25_49,laboratory,15,451,gastric_cancer,1.856248410807468e-06,,0.0,0.0009026564218827188,0.0,0.09026564218827188,0.0
secondary_hepatic_smoking,age25_49,laboratory,15,451,hematologic_cancer,0.0008022279558383967,0.5700064434697105,0.0007973193466088782,0.002348843014432594,0.3394519521780323,0.1551523667823716,1.0
secondary_hepatic_smoking,age25_49,laboratory,15,451,infection,0.002596977970219698,0.7930425943295227,0.0026077103002605513,0.0020258375017424566,1.2872258006960657,-0.05818727985180947,3.0
secondary_hepatic_smoking,age25_49,laboratory,15,451,external,0.013409960151370765,0.543556063254981,0.013503231518651751,0.0038163661980294594,3.5382431396714504,-0.9686865320622292,8.0
secondary_hepatic_smoking,age25_49,laboratory,15,451,other_or_unresolved,0.016402259946939644,0.7975002991194814,0.017819278563982934,0.01790671628825708,0.9951170430766535,0.008743772427414684,15.0
secondary_hepatic_smoking,age50_64,laboratory,15,303,multistate,0.395975897284596,,,,,,
secondary_hepatic_smoking,age50_64,laboratory,15,303,all_cause,0.16462900381129594,0.7220967885056487,0.2479838192745055,0.26249075015686935,0.9447335539492564,1.450693088236385,80.0
secondary_hepatic_smoking,age50_64,laboratory,15,303,ihd,0.06650841774925494,0.7330896528061728,0.07690269797231149,0.0803630595725722,0.9569408927601143,0.3460361600260711,27.0
secondary_hepatic_smoking,age50_64,laboratory,15,303,heart_failure,4.373051826315111e-05,,0.0,0.0056825632662779995,0.0,0.5682563266277999,0.0
secondary_hepatic_smoking,age50_64,laboratory,15,303,stroke,0.0037419493804087835,0.5221281011844955,0.0033806990406496833,0.01854276857979424,0.18231900086018316,1.5162069539144558,3.0
secondary_hepatic_smoking,age50_64,laboratory,15,303,hypertension,0.004906059206634595,0.8602291975707921,0.004972798172845037,0.007642910196113255,0.6506419734427753,0.2670112023268218,2.0
secondary_hepatic_smoking,age50_64,laboratory,15,303,aortic_aneurysm,0.004846280827456106,0.8740985195725604,0.004879389667297912,0.0020948886826052254,2.3291880412613866,-0.27845009846926866,1.0
secondary_hepatic_smoking,age50_64,laboratory,15,303,chronic_respiratory,0.0029344705602573303,0.9116966906444975,0.002937848683527346,0.007757408406703892,0.3787152267229453,0.4819559723176546,1.0
secondary_hepatic_smoking,age50_64,laboratory,15,303,dementia,0.005190678792036126,0.7225211365110887,0.0052049051180978615,0.00132586761835433,3.9256597310659127,-0.3879037499743531,1.0
secondary_hepatic_smoking,age50_64,laboratory,15,303,diabetes,0.011047769438969915,0.8084161537053844,0.011167845336337934,0.004166832651815386,2.6801761120577714,-0.7001012684522548,3.0
secondary_hepatic_smoking,age50_64,laboratory,15,303,renal,3.338576282278899e-06,,0.0,0.0016255639644000527,0.0,0.16255639644000527,0.0
secondary_hepatic_smoking,age50_64,laboratory,15,303,chronic_liver,0.002917312614931841,0.9628058823894078,0.002946249127151786,0.0023991393971112044,1.2280441606266623,-0.05471097300405814,1.0
secondary_hepatic_smoking,age50_64,laboratory,15,303,lung_cancer,0.024842094280562912,0.42793453089077765,0.024982143798255987,0.01638462116158053,1.5247312435172657,-0.8597522636675459,9.0
secondary_hepatic_smoking,age50_64,laboratory,15,303,colorectal_cancer,0.003425958397776097,0.6909346218833949,0.00338842052777713,0.009277191436434256,0.36524206178065993,0.5888770908657126,2.0
secondary_hepatic_smoking,age50_64,laboratory,15,303,pancreatic_cancer,0.0075738656124173164,0.3654550397825992,0.00757820441449566,0.005037228430600931,1.504439300083835,-0.2540975983894729,3.0
secondary_hepatic_smoking,age50_64,laboratory,15,303,breast_cancer,4.565329474245098e-05,,0.0,0.004903245546712193,0.0,0.4903245546712193,0.0
secondary_hepatic_smoking,age50_64,laboratory,15,303,prostate_cancer,0.0009865042136314945,0.7717000169955608,0.0009321251216280611,0.005532841020353215,0.16847133655189583,0.46007158987251534,1.0
secondary_hepatic_smoking,age50_64,laboratory,15,303,gastric_cancer,0.005089706601346227,0.5219818163480677,0.005102637710276761,0.0028843491764749558,1.7690776664262398,-0.22182885338018055,2.0
secondary_hepatic_smoking,age50_64,laboratory,15,303,hematologic_cancer,0.014174355845210443,0.7397554088879658,0.014458130257555954,0.007731423208393071,1.8700477089212384,-0.6726707049162882,3.0
secondary_hepatic_smoking,age50_64,laboratory,15,303,infection,0.008338824130078264,0.8231399765979589,0.008455842333509364,0.007046041635022035,1.2000840715274768,-0.14098006984873288,2.0
secondary_hepatic_smoking,age50_64,laboratory,15,303,external,0.005856029248652794,0.29486700742383964,0.005810718206084947,0.009096818090483594,0.6387638126086838,0.3286099884398647,2.0
secondary_hepatic_smoking,age50_64,laboratory,15,303,other_or_unresolved,0.05887389418438685,0.7420478565212225,0.06488316378670264,0.06299598811506678,1.02995707707908,-0.1887175671635863,17.0
secondary_hepatic_smoking,age65_74,laboratory,15,228,multistate,0.7484053067793157,,,,,,
secondary_hepatic_smoking,age65_74,laboratory,15,228,all_cause,0.23212459896571097,0.6450309944619468,0.5767390373320295,0.5374928504920641,1.073017132793555,-3.924618683996539,136.0
secondary_hepatic_smoking,age65_74,laboratory,15,228,ihd,0.1327502701465957,0.7249254191877859,0.17436251689245516,0.1727575549244183,1.0092902563291026,-0.1604961968036861,41.0
secondary_hepatic_smoking,age65_74,laboratory,15,228,heart_failure,0.01149720663781454,0.4340561060389945,0.011563630025294154,0.010905610404161515,1.0603377157945733,-0.06580196211326395,3.0
secondary_hepatic_smoking,age65_74,laboratory,15,228,stroke,0.048862654839363646,0.609375080577197,0.051913686945120385,0.04590158600116578,1.1309780656337651,-0.6012100943954608,19.0
secondary_hepatic_smoking,age65_74,laboratory,15,228,hypertension,0.0024643010326581556,0.305991805110022,0.002213436075566913,0.015884231642522936,0.13934801036528746,1.3670795566956024,1.0
secondary_hepatic_smoking,age65_74,laboratory,15,228,aortic_aneurysm,0.02489536157067118,0.5466770228236013,0.025048620327135628,0.0035362416309137265,7.083401798158045,-2.1512378696221903,2.0
secondary_hepatic_smoking,age65_74,laboratory,15,228,chronic_respiratory,0.008553458332937703,0.42676115822535465,0.008587643477231479,0.012087445477564705,0.7104597487675004,0.34998020003332264,4.0
secondary_hepatic_smoking,age65_74,laboratory,15,228,dementia,0.004163130501049749,0.40219440242963095,0.004175397510168865,0.002749374662465294,1.51867170639628,-0.14260228477035705,1.0
secondary_hepatic_smoking,age65_74,laboratory,15,228,diabetes,0.02849824732395605,0.3259913786291744,0.028802036036897193,0.008027499696728049,3.587921161633515,-2.0774536340169147,3.0
secondary_hepatic_smoking,age65_74,laboratory,15,228,renal,0.005277032631949881,0.55690980434287,0.005303381073138946,0.0032127919466302343,1.6507079080241858,-0.20905891265087115,2.0
secondary_hepatic_smoking,age65_74,laboratory,15,228,chronic_liver,0.008853450055590866,0.690401634372602,0.00894004834770097,0.003690579031589762,2.422397209537587,-0.5249469316111208,1.0
secondary_hepatic_smoking,age65_74,laboratory,15,228,lung_cancer,0.011519914632523595,0.7193606876331133,0.011255442284895976,0.02803871648370648,0.40142501856091034,1.6783274198810503,5.0
secondary_hepatic_smoking,age65_74,laboratory,15,228,colorectal_cancer,0.027569212921655047,0.7962311556483315,0.028632776332539533,0.019369072773452897,1.4782729492236406,-0.9263703559086636,6.0
secondary_hepatic_smoking,age65_74,laboratory,15,228,pancreatic_cancer,0.002453754571003504,0.6661518893238014,0.0023922301571929153,0.008506443922451165,0.28122564246606885,0.611421376525825,2.0
secondary_hepatic_smoking,age65_74,laboratory,15,228,breast_cancer,0.01129868382539035,0.6801713710103837,0.01148984021358575,0.009966486360419427,1.15284763336617,-0.1523353853166322,2.0
secondary_hepatic_smoking,age65_74,laboratory,15,228,prostate_cancer,0.009872139977229612,0.7588575952417018,0.01008480809381497,0.008227937763111377,1.225678703967423,-0.1856870330703593,3.0
secondary_hepatic_smoking,age65_74,laboratory,15,228,gastric_cancer,0.007466612242184246,0.5650984462053513,0.007501817440892294,0.005788867598316942,1.2959041321092533,-0.17129498425753525,2.0
secondary_hepatic_smoking,age65_74,laboratory,15,228,hematologic_cancer,0.007692820898663691,0.3299095789587018,0.007625390844122685,0.01503438810016702,0.5071966210608846,0.7408997256044335,1.0
secondary_hepatic_smoking,age65_74,laboratory,15,228,infection,0.04510140897135144,0.4553013337156971,0.04631025407676416,0.01719621534522713,2.6930492057147757,-2.911403873153703,6.0
secondary_hepatic_smoking,age65_74,laboratory,15,228,external,0.01648285132161866,0.23084273757253645,0.016562786156498647,0.01507007160201504,1.0990515900590687,-0.14927145544836073,5.0
secondary_hepatic_smoking,age65_74,laboratory,15,228,other_or_unresolved,0.10100819537939716,0.5863706305684468,0.11397329502101286,0.13154173512503628,0.8664420832876818,1.756844010402342,27.0
